{"classifier":{"examples":{"buttons":[[1,1,0,0,0,0,0,0,0,0,0,0,0,0,0,0,0,0,0,0,0,0,0,0]],"carousel":[[1,0,1,0,0,0,0,0,0,0,0,0,0,0,0,0,0,0,0,0,0,0,0,0]],"greetings":[[0,0,0,1,0,0,0,0,0,0,0,0,0,0,0,0,0,0,0,0,0,0,0,0],[0,0,0,0,1,0,0,0,0,0,0,0,0,0,0,0,0,0,0,0,0,0,0,0]],"image":[[1,0,0,0,0,1,0,0,0,0,0,0,0,0,0,0,0,0,0,0,0,0,0,0]],"links":[[1,0,0,0,0,0,1,0,0,0,0,0,0,0,0,0,0,0,0,0,0,0,0,0]],"name":[[0,0,0,0,0,0,0,1,1,1,0,0,0,0,0,0,0,0,0,0,0,0,0,0],[0,0,0,0,0,0,0,0,0,1,1,1,0,0,0,0,0,0,0,0,0,0,0,0],[0,0,0,0,0,0,0,0,0,0,0,1,1,0,0,0,0,0,0,0,0,0,0,0],[0,0,0,0,0,0,0,0,1,0,0,0,1,1,0,0,0,0,0,0,0,0,0,0]],"quickreplies":[[1,0,0,0,0,0,0,0,0,0,0,0,0,0,1,1,0,0,0,0,0,0,0,0]],"thanks":[[0,0,0,0,0,0,0,0,0,0,0,0,0,0,0,0,1,1,0,0,0,0,0,0],[0,0,0,0,0,0,0,0,0,0,0,0,0,0,0,0,0,0,1,1,0,0,0,0]],"travel":[[0,0,0,0,0,0,0,1,0,0,0,0,0,0,0,0,0,0,0,0,1,1,0,0],[0,0,0,0,0,0,0,1,0,0,0,0,0,0,0,0,0,0,0,0,1,0,1,0],[0,0,0,0,0,0,0,1,0,0,0,0,0,0,0,0,0,0,0,0,0,1,0,1],[0,0,0,0,0,0,0,1,0,0,0,0,0,0,0,0,0,0,0,0,0,0,1,1]]},"features":[],"featurePositions":{},"maxFeaturePosition":0,"classifications":["buttons","carousel","greetings","image","links","name","quickreplies","thanks","travel"],"exampleCount":17,"theta":[{"elements":[1.1511351031140902,5.298534862019953,-1.10949621758472,-0.7238372169821132,-0.7238372169821132,-1.10949621758472,-1.10949621758472,-1.3384671346083512,-0.6394256716743203,-0.6394256716743203,-0.38360144976597876,-0.8155732322217343,-0.8155732322217343,-0.38360144976597876,-0.818911106151699,-0.818911106151699,-0.5751188670690696,-0.5751188670690696,-0.5751188670690696,-0.5751188670690696,-0.5413214563500048,-0.5413214563500048,-0.5413214563500048,-0.5413214563500048]},{"elements":[1.1511351031140902,-1.10949621758472,5.298534862019953,-0.7238372169821132,-0.7238372169821132,-1.10949621758472,-1.10949621758472,-1.3384671346083512,-0.6394256716743203,-0.6394256716743203,-0.38360144976597876,-0.8155732322217343,-0.8155732322217343,-0.38360144976597876,-0.818911106151699,-0.818911106151699,-0.5751188670690696,-0.5751188670690696,-0.5751188670690696,-0.5751188670690696,-0.5413214563500048,-0.5413214563500048,-0.5413214563500048,-0.5413214563500048]},{"elements":[-2.9942507491079833,-0.6221212207516095,-0.6221212207516095,4.330069965153579,4.330069965153579,-0.6221212207516095,-0.6221212207516095,-2.2179330373975676,-1.1156161895752816,-1.1156161895752816,-0.7208270591368903,-1.5770078220817054,-1.5770078220817054,-0.7208270591368903,-0.5057658661015433,-0.5057658661015433,-1.2896009487262943,-1.2896009487262943,-1.2896009487262943,-1.2896009487262943,-0.9115719534795889,-0.9115719534795889,-0.9115719534795889,-0.9115719534795889]},{"elements":[1.1511351031140902,-1.10949621758472,-1.10949621758472,-0.7238372169821132,-0.7238372169821132,5.298534862019953,-1.10949621758472,-1.3384671346083512,-0.6394256716743203,-0.6394256716743203,-0.38360144976597876,-0.8155732322217343,-0.8155732322217343,-0.38360144976597876,-0.818911106151699,-0.818911106151699,-0.5751188670690697,-0.5751188670690697,-0.5751188670690697,-0.5751188670690697,-0.5413214563500048,-0.5413214563500048,-0.5413214563500048,-0.5413214563500048]},{"elements":[1.1511351031140902,-1.10949621758472,-1.10949621758472,-0.7238372169821132,-0.7238372169821132,-1.10949621758472,5.298534862019953,-1.3384671346083512,-0.6394256716743203,-0.6394256716743203,-0.38360144976597876,-0.8155732322217343,-0.8155732322217343,-0.38360144976597876,-0.818911106151699,-0.818911106151699,-0.5751188670690697,-0.5751188670690697,-0.5751188670690697,-0.5751188670690697,-0.5413214563500048,-0.5413214563500048,-0.5413214563500048,-0.5413214563500048]},{"elements":[-2.3270916796720047,-0.4801239056644429,-0.4801239056644429,-1.251342500194778,-1.251342500194778,-0.4801239056644429,-0.4801239056644429,-0.16903550275604382,3.168183561380234,3.168183561380234,1.095122508820128,3.0627218684111646,3.0627218684111646,1.095122508820128,-0.406596057014233,-0.406596057014233,-0.9068853676157228,-0.9068853676157228,-0.9068853676157228,-0.9068853676157228,-1.1210482776580748,-1.1210482776580748,-1.1210482776580748,-1.1210482776580748]},{"elements":[0.4307359527651697,-0.706310559215237,-0.706310559215237,-0.6074912841234916,-0.6074912841234916,-0.706310559215237,-0.706310559215237,-1.227118679728156,-0.5794964111280138,-0.5794964111280138,-0.3429459053646832,-0.7253470590403992,-0.7253470590403992,-0.3429459053646832,3.2559781896261177,3.2559781896261177,-0.4966610829365387,-0.4966610829365387,-0.4966610829365387,-0.4966610829365387,-0.4952840869824119,-0.4952840869824119,-0.4952840869824119,-0.4952840869824119]},{"elements":[-2.3056062613626476,-0.47575493729983354,-0.47575493729983354,-1.2399735931292182,-1.2399735931292182,-0.47575493729983354,-0.47575493729983354,-1.7624174749683803,-0.8685177553259342,-0.8685177553259342,-0.5424698796523719,-1.1714439960224525,-1.1714439960224525,-0.5424698796523719,-0.40258651216331415,-0.40258651216331415,2.86626094617318,2.86626094617318,2.86626094617318,2.86626094617318,-0.7181847996474099,-0.7181847996474099,-0.7181847996474099,-0.7181847996474099]},{"elements":[-1.9200434840671836,-0.39429505817982435,-0.39429505817982435,-0.8972459123240847,-0.8972459123240847,-0.39429505817982435,-0.39429505817982435,3.049345497892496,-1.7108613322306612,-1.7108613322306612,-0.3609246150815068,-0.882358334509473,-0.882358334509473,-0.3609246150815068,-0.3428632513478868,-0.3428632513478868,-0.6902323728211093,-0.6902323728211093,-0.6902323728211093,-0.6902323728211093,2.199641107520825,2.199641107520825,2.199641107520825,2.199641107520825]}]},"docs":[{"label":"buttons","text":["montr","bouton"]},{"label":"carousel","text":["montr","carousel"]},{"label":"greetings","text":["bonjour"]},{"label":"greetings","text":["salut"]},{"label":"image","text":["montr","imag"]},{"label":"links","text":["montr","lien"]},{"label":"name","text":["je","appel","jean"]},{"label":"name","text":["mon","prénom","jean"]},{"label":"name","text":["demand","prénom"]},{"label":"name","text":["demand","comment","appel"]},{"label":"quickreplies","text":["montr","quick","repl"]},{"label":"thanks","text":["merc","beaucoup"]},{"label":"thanks","text":["c","sup"]},{"label":"travel","text":["je","par","demain"]},{"label":"travel","text":["je","par","nant"]},{"label":"travel","text":["je","vais","demain"]},{"label":"travel","text":["je","vais","nant"]}],"features":{"montr":5,"bouton":1,"carousel":1,"bonjour":1,"salut":1,"imag":1,"lien":1,"je":5,"appel":2,"jean":2,"mon":1,"prénom":2,"demand":2,"comment":1,"quick":1,"repl":1,"merc":1,"beaucoup":1,"c":1,"sup":1,"par":2,"demain":2,"nant":2,"vais":2},"stemmer":{},"lastAdded":17,"events":{"domain":null,"_events":{},"_eventsCount":0}}