{"classifier":{"examples":{"cancel":[[1,0,0,0,0,0,0,0,0,0,0,0,0,0,0,0,0,0,0],[1,1,0,0,0,0,0,0,0,0,0,0,0,0,0,0,0,0,0]],"car":[[0,1,1,1,0,0,0,0,0,0,0,0,0,0,0,0,0,0,0],[0,0,0,0,1,1,0,0,0,0,0,0,0,0,0,0,0,0,0]],"greetings":[[0,0,0,0,0,0,1,1,0,0,0,0,0,0,0,0,0,0,0]],"name":[[0,0,0,0,0,0,0,0,1,1,0,0,0,0,0,0,0,0,0],[0,0,0,0,0,0,0,0,1,1,0,0,0,0,0,0,0,0,0]],"reset":[[0,0,0,0,0,0,0,0,0,0,1,0,0,0,0,0,0,0,0],[0,0,0,0,0,0,0,0,0,0,0,1,0,0,0,0,0,0,0],[0,0,0,0,0,0,0,0,0,0,1,0,1,0,0,0,0,0,0],[0,1,0,0,0,0,0,0,0,0,1,0,0,0,0,0,0,0,0]],"thanks":[[0,0,0,0,0,0,0,0,0,0,0,0,0,1,1,0,0,0,0],[0,0,0,0,0,0,0,0,0,0,0,0,0,0,0,1,0,0,0]],"travel":[[0,0,0,0,0,0,0,0,0,0,0,0,0,0,0,0,1,1,0],[0,0,0,0,0,0,0,0,0,0,0,0,0,0,0,0,1,1,0],[0,0,0,0,0,0,0,0,0,0,0,0,0,0,0,0,1,0,1],[0,0,0,0,0,0,0,0,0,0,0,0,0,0,0,0,1,0,1]]},"features":[],"featurePositions":{},"maxFeaturePosition":0,"classifications":["cancel","car","greetings","name","reset","thanks","travel"],"exampleCount":17,"theta":[{"elements":[6.160751210211066,0.7419671826266855,-0.9309871859606684,-0.9309871859606684,-0.7168801875472334,-0.7168801875472334,-0.7168801875472334,-0.7168801875472334,-1.0102237848291615,-1.0102237848291615,-1.8818176174312309,-0.9426925457690316,-0.46003557141763823,-0.7168801875472334,-0.7168801875472334,-0.9426925457690316,-1.5970407160077436,-0.7985203580038718,-0.7985203580038718]},{"elements":[-1.687417927197199,0.9298200870635013,2.837980841069206,2.837980841069206,3.2394336738062255,3.2394336738062255,-0.7068922152222054,-0.7068922152222054,-0.9989547726560414,-0.9989547726560414,-1.8926955491857567,-0.9266766236393083,-0.4540791714485795,-0.7068922152222054,-0.7068922152222054,-0.9266766236393083,-1.5814629820668793,-0.7907314910334396,-0.7907314910334396]},{"elements":[-0.9175942968029666,-1.0131684021694838,-0.36425662631396544,-0.36425662631396544,-0.5388447618794818,-0.5388447618794818,3.287310007112639,3.287310007112639,-0.8017952197608005,-0.8017952197608005,-1.1936955479516675,-0.6693526832469736,-0.40300492929724324,-0.5388447618794818,-0.5388447618794818,-0.6693526832469736,-1.3041480968815111,-0.6520740484407556,-0.6520740484407556]},{"elements":[-0.9832375503887963,-1.068275740459249,-0.3860696758206482,-0.3860696758206482,-0.5794978353110201,-0.5794978353110201,-0.5794978353110201,-0.5794978353110201,3.6021094000945464,3.6021094000945464,-1.2696660695851636,-0.7287631678104977,-0.4281198337043096,-0.5794978353110201,-0.5794978353110201,-0.7287631678104977,-1.3759085644426952,-0.6879542822213476,-0.6879542822213476]},{"elements":[-2.3527871584405284,-0.05027486681275228,-1.169950482459527,-1.169950482459527,-1.1827594873974794,-1.1827594873974794,-1.1827594873974794,-1.1827594873974794,-1.5173847789835206,-1.5173847789835206,5.780290151226774,4.817775778549516,1.245054900158042,-1.1827594873974794,-1.1827594873974794,-1.738108610289441,-2.2912399676591617,-1.1456199838295809,-1.1456199838295809]},{"elements":[-1.609295655632925,-1.503668053172727,-0.5772424353703764,-0.5772424353703764,-0.9627975352676537,-0.9627975352676537,-0.9627975352676537,-0.9627975352676537,-1.2817051990249009,-1.2817051990249009,-1.945212113274466,-1.3518426880880532,-0.6420544753445726,2.974539482051874,2.974539482051874,5.166094943656518,-1.9699924775157607,-0.9849962387578803,-0.9849962387578803]},{"elements":[-1.2001668495627398,-1.2366593545288078,-0.4552400775693144,-0.4552400775693144,-0.7136861282872682,-0.7136861282872682,-0.7136861282872682,-0.7136861282872682,-1.0094759990972464,-1.0094759990972464,-1.513024609255087,-0.9344641137028298,-0.5073363093541721,-0.7136861282872682,-0.7136861282872682,-0.9344641137028298,4.925804802748124,2.462902401374062,2.462902401374062]}]},"docs":[{"label":"cancel","text":["cancel"]},{"label":"cancel","text":["want","cancel"]},{"label":"car","text":["want","bui","car"]},{"label":"car","text":["purchas","vehicl"]},{"label":"greetings","text":["hello","bot"]},{"label":"name","text":["ask","name"]},{"label":"name","text":["ask","name"]},{"label":"reset","text":["reset"]},{"label":"reset","text":["restart"]},{"label":"reset","text":["reset","dialog"]},{"label":"reset","text":["want","reset"]},{"label":"thanks","text":["thank","lot"]},{"label":"thanks","text":["great"]},{"label":"travel","text":["leav","tomorrow"]},{"label":"travel","text":["leav","tomorrow"]},{"label":"travel","text":["leav","pari"]},{"label":"travel","text":["leav","pari"]}],"features":{"cancel":2,"want":3,"bui":1,"car":1,"purchas":1,"vehicl":1,"hello":1,"bot":1,"ask":2,"name":2,"reset":3,"restart":1,"dialog":1,"thank":1,"lot":1,"great":1,"leav":4,"tomorrow":2,"pari":2},"stemmer":{},"lastAdded":17,"events":{"domain":null,"_events":{},"_eventsCount":0}}